{"scale_": [3.35874785879824e-08, 5.306128599757234e-08, 0.0019880715705765406, 0.2, 10246.561063489606, 1.546179712997826], "min_": [-0.09723575051220905, -0.09378964341330093, -0.1033797216699801, 0.0, -0.05651498897560519, -0.22098380770561035], "data_min_": [2895000.0, 1767572.0, 52.0, 0.0, 5.515507947049529e-06, 0.14292245969076497], "data_max_": [32668000.0, 20613704.0, 555.0, 5.0, 0.00010310922683515387, 0.7896778087576208], "data_range_": [29773000.0, 18846132.0, 503.0, 5.0, 9.759371888810434e-05, 0.6467553490668558], "n_samples_seen_": 350}