{"scale_": [3.331778503365096e-08, 5.1464740554148655e-08, 0.00196078431372549, 0.2, 10246.561063489606, 1.546179712997826], "min_": [-0.08842540147930965, -0.09096763439077765, -0.08823529411764705, 0.0, -0.05651498897560519, -0.22098380770561035], "data_min_": [2654000.0, 1767572.0, 45.0, 0.0, 5.515507947049529e-06, 0.14292245969076497], "data_max_": [32668000.0, 21198351.0, 555.0, 5.0, 0.00010310922683515387, 0.7896778087576208], "data_range_": [30014000.0, 19430779.0, 510.0, 5.0, 9.759371888810434e-05, 0.6467553490668558], "n_samples_seen_": 525}